kang10_1.jpg,1kang10_0.jpg,0
kang10_10.jpg,1
kang10_11.jpg,1
kang10_12.jpg,1
kang10_13.jpg,1
kang10_14.jpg,1
kang10_15.jpg,1
kang10_16.jpg,1
kang10_17.jpg,0
kang10_18.jpg,1
kang10_19.jpg,1
kang10_2.jpg,1
kang10_20.jpg,1
kang10_21.jpg,1
kang10_22.jpg,1
kang10_23.jpg,1
kang10_24.jpg,0
kang10_25.jpg,1
kang10_26.jpg,1
kang10_27.jpg,1
kang10_28.jpg,1
kang10_29.jpg,1
kang10_3.jpg,1
kang10_30.jpg,1
kang10_31.jpg,1
kang10_32.jpg,1
kang10_33.jpg,0
kang10_34.jpg,0
kang10_35.jpg,1
kang10_36.jpg,1
kang10_37.jpg,1
kang10_38.jpg,1
kang10_39.jpg,1
kang10_4.jpg,0
kang10_40.jpg,1
kang10_41.jpg,1
kang10_42.jpg,1
kang10_43.jpg,1
kang10_44.jpg,1
kang10_45.jpg,1
kang10_46.jpg,1
kang10_47.jpg,1
kang10_48.jpg,1
kang10_49.jpg,1
kang10_5.jpg,0
kang10_50.jpg,1
kang10_51.jpg,1
kang10_52.jpg,1
kang10_53.jpg,1
kang10_54.jpg,1
kang10_55.jpg,1
kang10_56.jpg,1
kang10_57.jpg,0
kang10_58.jpg,1
kang10_59.jpg,1
kang10_6.jpg,1
kang10_60.jpg,1
kang10_61.jpg,1
kang10_62.jpg,1
kang10_63.jpg,0
kang10_7.jpg,1
kang10_8.jpg,1
kang10_9.jpg,1
kang11_0.jpg,1
kang11_1.jpg,1
kang11_2.jpg,1
kang11_3.jpg,1
kang11_4.jpg,1
kang11_5.jpg,1
kang11_6.jpg,1
kang12_0.jpg,1
kang12_1.jpg,1
kang12_10.jpg,1
kang12_11.jpg,1
kang12_12.jpg,1
kang12_13.jpg,1
kang12_14.jpg,1
kang12_15.jpg,1
kang12_16.jpg,1
kang12_17.jpg,1
kang12_18.jpg,1
kang12_19.jpg,1
kang12_2.jpg,1
kang12_20.jpg,1
kang12_3.jpg,1
kang12_4.jpg,1
kang12_5.jpg,1
kang12_6.jpg,1
kang12_7.jpg,1
kang12_8.jpg,1
kang12_9.jpg,1
kang13_0.jpg,0
kang13_1.jpg,1
kang13_10.jpg,1
kang13_11.jpg,1
kang13_12.jpg,1
kang13_13.jpg,1
kang13_14.jpg,1
kang13_15.jpg,1
kang13_16.jpg,1
kang13_17.jpg,1
kang13_18.jpg,1
kang13_19.jpg,1
kang13_2.jpg,1
kang13_20.jpg,1
kang13_21.jpg,1
kang13_22.jpg,1
kang13_23.jpg,1
kang13_24.jpg,1
kang13_25.jpg,1
kang13_26.jpg,1
kang13_27.jpg,1
kang13_28.jpg,1
kang13_29.jpg,1
kang13_3.jpg,1
kang13_30.jpg,1
kang13_31.jpg,1
kang13_32.jpg,1
kang13_33.jpg,1
kang13_34.jpg,1
kang13_35.jpg,1
kang13_36.jpg,1
kang13_37.jpg,1
kang13_38.jpg,1
kang13_39.jpg,1
kang13_4.jpg,1
kang13_40.jpg,1
kang13_41.jpg,1
kang13_42.jpg,1
kang13_43.jpg,1
kang13_44.jpg,1
kang13_45.jpg,1
kang13_46.jpg,1
kang13_47.jpg,1
kang13_48.jpg,1
kang13_49.jpg,1
kang13_5.jpg,1
kang13_50.jpg,1
kang13_51.jpg,1
kang13_52.jpg,1
kang13_53.jpg,1
kang13_54.jpg,1
kang13_55.jpg,1
kang13_56.jpg,1
kang13_57.jpg,1
kang13_58.jpg,1
kang13_59.jpg,1
kang13_6.jpg,1
kang13_60.jpg,1
kang13_61.jpg,1
kang13_62.jpg,1
kang13_63.jpg,1
kang13_64.jpg,1
kang13_65.jpg,1
kang13_66.jpg,1
kang13_67.jpg,1
kang13_68.jpg,1
kang13_69.jpg,1
kang13_7.jpg,1
kang13_70.jpg,1
kang13_71.jpg,1
kang13_72.jpg,1
kang13_73.jpg,1
kang13_74.jpg,1
kang13_75.jpg,1
kang13_76.jpg,1
kang13_77.jpg,1
kang13_78.jpg,1
kang13_79.jpg,1
kang13_8.jpg,1
kang13_80.jpg,1
kang13_81.jpg,1
kang13_82.jpg,1
kang13_83.jpg,1
kang13_84.jpg,0
kang13_85.jpg,0
kang13_86.jpg,0
kang13_9.jpg,1
kang14_0.jpg,1
kang14_1.jpg,1
kang14_10.jpg,1
kang14_11.jpg,1
kang14_12.jpg,1
kang14_13.jpg,1
kang14_14.jpg,1
kang14_15.jpg,1
kang14_16.jpg,1
kang14_17.jpg,1
kang14_18.jpg,1
kang14_19.jpg,1
kang14_2.jpg,1
kang14_20.jpg,1
kang14_21.jpg,1
kang14_22.jpg,1
kang14_23.jpg,1
kang14_24.jpg,1
kang14_25.jpg,1
kang14_26.jpg,1
kang14_27.jpg,1
kang14_28.jpg,1
kang14_29.jpg,1
kang14_3.jpg,1
kang14_30.jpg,1
kang14_31.jpg,1
kang14_32.jpg,1
kang14_33.jpg,1
kang14_34.jpg,1
kang14_35.jpg,1
kang14_36.jpg,1
kang14_37.jpg,1
kang14_38.jpg,1
kang14_39.jpg,1
kang14_4.jpg,1
kang14_5.jpg,1
kang14_6.jpg,1
kang14_7.jpg,1
kang14_8.jpg,1
kang14_9.jpg,1
kang15_0.jpg,0
kang15_1.jpg,1
kang15_10.jpg,1
kang15_11.jpg,1
kang15_12.jpg,1
kang15_13.jpg,1
kang15_14.jpg,1
kang15_15.jpg,1
kang15_16.jpg,1
kang15_17.jpg,1
kang15_18.jpg,1
kang15_19.jpg,1
kang15_2.jpg,1
kang15_20.jpg,1
kang15_21.jpg,1
kang15_22.jpg,1
kang15_23.jpg,1
kang15_24.jpg,1
kang15_25.jpg,1
kang15_26.jpg,1
kang15_27.jpg,1
kang15_28.jpg,1
kang15_29.jpg,1
kang15_3.jpg,1
kang15_30.jpg,1
kang15_31.jpg,1
kang15_32.jpg,1
kang15_33.jpg,1
kang15_34.jpg,1
kang15_35.jpg,1
kang15_36.jpg,1
kang15_37.jpg,1
kang15_38.jpg,1
kang15_39.jpg,1
kang15_4.jpg,1
kang15_40.jpg,1
kang15_41.jpg,1
kang15_42.jpg,1
kang15_43.jpg,1
kang15_44.jpg,1
kang15_45.jpg,1
kang15_46.jpg,1
kang15_47.jpg,1
kang15_48.jpg,1
kang15_49.jpg,1
kang15_5.jpg,1
kang15_50.jpg,1
kang15_51.jpg,1
kang15_52.jpg,1
kang15_53.jpg,1
kang15_54.jpg,1
kang15_55.jpg,1
kang15_56.jpg,1
kang15_57.jpg,1
kang15_58.jpg,1
kang15_59.jpg,1
kang15_6.jpg,1
kang15_60.jpg,1
kang15_61.jpg,1
kang15_62.jpg,1
kang15_63.jpg,1
kang15_64.jpg,1
kang15_65.jpg,1
kang15_66.jpg,1
kang15_67.jpg,1
kang15_68.jpg,1
kang15_69.jpg,1
kang15_7.jpg,1
kang15_70.jpg,1
kang15_71.jpg,1
kang15_72.jpg,1
kang15_73.jpg,1
kang15_74.jpg,1
kang15_75.jpg,1
kang15_76.jpg,0
kang15_77.jpg,1
kang15_78.jpg,1
kang15_79.jpg,1
kang15_8.jpg,1
kang15_80.jpg,1
kang15_81.jpg,1
kang15_82.jpg,1
kang15_83.jpg,1
kang15_84.jpg,1
kang15_85.jpg,1
kang15_86.jpg,1
kang15_87.jpg,1
kang15_88.jpg,1
kang15_89.jpg,1
kang15_9.jpg,1
kang15_90.jpg,1
kang15_91.jpg,1
kang15_92.jpg,1
kang15_93.jpg,1
kang15_94.jpg,1
kang15_95.jpg,1
kang15_96.jpg,0
kang1_0.jpg,0
kang1_1.jpg,1
kang1_2.jpg,1
kang1_3.jpg,1
kang1_4.jpg,1
kang1_5.jpg,1
kang1_6.jpg,1
kang1_7.jpg,0
kang1_8.jpg,0
kang1_9.jpg,0
kang2_0.jpg,0
kang2_1.jpg,0
kang2_10.jpg,1
kang2_11.jpg,1
kang2_12.jpg,1
kang2_13.jpg,1
kang2_14.jpg,1
kang2_15.jpg,1
kang2_16.jpg,1
kang2_17.jpg,1
kang2_18.jpg,1
kang2_19.jpg,1
kang2_2.jpg,0
kang2_20.jpg,1
kang2_21.jpg,1
kang2_22.jpg,1
kang2_23.jpg,1
kang2_24.jpg,1
kang2_25.jpg,1
kang2_26.jpg,0
kang2_27.jpg,0
kang2_28.jpg,0
kang2_29.jpg,0
kang2_3.jpg,0
kang2_30.jpg,0
kang2_31.jpg,1
kang2_32.jpg,1
kang2_33.jpg,1
kang2_34.jpg,1
kang2_35.jpg,1
kang2_36.jpg,1
kang2_37.jpg,0
kang2_38.jpg,1
kang2_39.jpg,1
kang2_4.jpg,0
kang2_40.jpg,1
kang2_41.jpg,1
kang2_42.jpg,1
kang2_43.jpg,1
kang2_44.jpg,1
kang2_45.jpg,1
kang2_46.jpg,1
kang2_47.jpg,1
kang2_48.jpg,1
kang2_49.jpg,1
kang2_5.jpg,0
kang2_50.jpg,1
kang2_51.jpg,1
kang2_52.jpg,0
kang2_53.jpg,0
kang2_54.jpg,1
kang2_55.jpg,1
kang2_56.jpg,1
kang2_57.jpg,1
kang2_58.jpg,1
kang2_59.jpg,1
kang2_6.jpg,0
kang2_60.jpg,1
kang2_61.jpg,1
kang2_62.jpg,1
kang2_63.jpg,1
kang2_64.jpg,0
kang2_65.jpg,0
kang2_66.jpg,0
kang2_7.jpg,1
kang2_8.jpg,1
kang2_9.jpg,1
kang3_0.jpg,0
kang3_1.jpg,0
kang3_10.jpg,1
kang3_11.jpg,1
kang3_12.jpg,1
kang3_13.jpg,1
kang3_14.jpg,1
kang3_15.jpg,1
kang3_16.jpg,1
kang3_17.jpg,1
kang3_18.jpg,0
kang3_19.jpg,0
kang3_2.jpg,0
kang3_20.jpg,0
kang3_21.jpg,0
kang3_22.jpg,0
kang3_23.jpg,0
kang3_24.jpg,0
kang3_25.jpg,1
kang3_26.jpg,1
kang3_27.jpg,0
kang3_28.jpg,1
kang3_29.jpg,1
kang3_3.jpg,0
kang3_30.jpg,1
kang3_31.jpg,1
kang3_32.jpg,1
kang3_33.jpg,0
kang3_34.jpg,1
kang3_35.jpg,1
kang3_36.jpg,1
kang3_37.jpg,1
kang3_38.jpg,1
kang3_39.jpg,1
kang3_4.jpg,1
kang3_40.jpg,1
kang3_41.jpg,1
kang3_42.jpg,1
kang3_43.jpg,1
kang3_44.jpg,1
kang3_45.jpg,1
kang3_46.jpg,1
kang3_47.jpg,0
kang3_48.jpg,0
kang3_5.jpg,1
kang3_6.jpg,0
kang3_7.jpg,1
kang3_8.jpg,1
kang3_9.jpg,1
kang4_0.jpg,0
kang4_1.jpg,0
kang4_10.jpg,1
kang4_11.jpg,1
kang4_12.jpg,0
kang4_13.jpg,1
kang4_14.jpg,1
kang4_15.jpg,1
kang4_16.jpg,1
kang4_17.jpg,1
kang4_18.jpg,1
kang4_19.jpg,0
kang4_2.jpg,0
kang4_20.jpg,0
kang4_21.jpg,1
kang4_22.jpg,1
kang4_23.jpg,0
kang4_24.jpg,1
kang4_25.jpg,1
kang4_26.jpg,1
kang4_27.jpg,1
kang4_28.jpg,1
kang4_29.jpg,1
kang4_3.jpg,0
kang4_30.jpg,0
kang4_31.jpg,1
kang4_32.jpg,1
kang4_33.jpg,1
kang4_34.jpg,1
kang4_35.jpg,0
kang4_36.jpg,1
kang4_37.jpg,1
kang4_38.jpg,1
kang4_39.jpg,1
kang4_4.jpg,0
kang4_40.jpg,1
kang4_41.jpg,1
kang4_42.jpg,1
kang4_43.jpg,1
kang4_44.jpg,1
kang4_45.jpg,1
kang4_46.jpg,1
kang4_47.jpg,1
kang4_48.jpg,1
kang4_49.jpg,1
kang4_5.jpg,0
kang4_50.jpg,1
kang4_51.jpg,1
kang4_52.jpg,0
kang4_53.jpg,0
kang4_54.jpg,1
kang4_55.jpg,1
kang4_56.jpg,0
kang4_57.jpg,0
kang4_58.jpg,1
kang4_59.jpg,1
kang4_6.jpg,0
kang4_60.jpg,1
kang4_61.jpg,1
kang4_62.jpg,1
kang4_63.jpg,1
kang4_64.jpg,0
kang4_65.jpg,0
kang4_66.jpg,0
kang4_7.jpg,1
kang4_8.jpg,1
kang4_9.jpg,1
kang5_0.jpg,0
kang5_1.jpg,1
kang5_10.jpg,1
kang5_100.jpg,1
kang5_101.jpg,1
kang5_102.jpg,1
kang5_103.jpg,1
kang5_104.jpg,1
kang5_105.jpg,1
kang5_106.jpg,0
kang5_107.jpg,0
kang5_108.jpg,0
kang5_109.jpg,1
kang5_11.jpg,0
kang5_110.jpg,0
kang5_111.jpg,0
kang5_112.jpg,0
kang5_12.jpg,1
kang5_13.jpg,1
kang5_14.jpg,1
kang5_15.jpg,1
kang5_16.jpg,1
kang5_17.jpg,1
kang5_18.jpg,1
kang5_19.jpg,1
kang5_2.jpg,1
kang5_20.jpg,1
kang5_21.jpg,1
kang5_22.jpg,1
kang5_23.jpg,1
kang5_24.jpg,1
kang5_25.jpg,1
kang5_26.jpg,1
kang5_27.jpg,1
kang5_28.jpg,1
kang5_29.jpg,1
kang5_3.jpg,1
kang5_30.jpg,1
kang5_31.jpg,1
kang5_32.jpg,1
kang5_33.jpg,1
kang5_34.jpg,1
kang5_35.jpg,1
kang5_36.jpg,1
kang5_37.jpg,0
kang5_38.jpg,1
kang5_39.jpg,1
kang5_4.jpg,1
kang5_40.jpg,1
kang5_41.jpg,1
kang5_42.jpg,1
kang5_43.jpg,1
kang5_44.jpg,1
kang5_45.jpg,1
kang5_46.jpg,1
kang5_47.jpg,1
kang5_48.jpg,1
kang5_49.jpg,1
kang5_5.jpg,1
kang5_50.jpg,1
kang5_51.jpg,1
kang5_52.jpg,1
kang5_53.jpg,1
kang5_54.jpg,1
kang5_55.jpg,1
kang5_56.jpg,1
kang5_57.jpg,1
kang5_58.jpg,1
kang5_59.jpg,1
kang5_6.jpg,1
kang5_60.jpg,1
kang5_61.jpg,1
kang5_62.jpg,1
kang5_63.jpg,1
kang5_64.jpg,1
kang5_65.jpg,1
kang5_66.jpg,1
kang5_67.jpg,1
kang5_68.jpg,1
kang5_69.jpg,1
kang5_7.jpg,1
kang5_70.jpg,1
kang5_71.jpg,1
kang5_72.jpg,1
kang5_73.jpg,1
kang5_74.jpg,1
kang5_75.jpg,1
kang5_76.jpg,1
kang5_77.jpg,1
kang5_78.jpg,1
kang5_79.jpg,1
kang5_8.jpg,1
kang5_80.jpg,1
kang5_81.jpg,1
kang5_82.jpg,1
kang5_83.jpg,0
kang5_84.jpg,1
kang5_85.jpg,1
kang5_86.jpg,1
kang5_87.jpg,1
kang5_88.jpg,1
kang5_89.jpg,1
kang5_9.jpg,1
kang5_90.jpg,1
kang5_91.jpg,1
kang5_92.jpg,0
kang5_93.jpg,1
kang5_94.jpg,1
kang5_95.jpg,1
kang5_96.jpg,1
kang5_97.jpg,1
kang5_98.jpg,0
kang5_99.jpg,1
kang6_0.jpg,0
kang6_1.jpg,1
kang6_10.jpg,1
kang6_11.jpg,0
kang6_12.jpg,1
kang6_13.jpg,1
kang6_14.jpg,1
kang6_15.jpg,1
kang6_16.jpg,1
kang6_17.jpg,1
kang6_18.jpg,1
kang6_19.jpg,1
kang6_2.jpg,0
kang6_20.jpg,1
kang6_21.jpg,0
kang6_3.jpg,1
kang6_4.jpg,1
kang6_5.jpg,1
kang6_6.jpg,1
kang6_7.jpg,1
kang6_8.jpg,1
kang6_9.jpg,1
kang7_0.jpg,0
kang7_1.jpg,1
kang7_10.jpg,1
kang7_11.jpg,1
kang7_12.jpg,1
kang7_13.jpg,1
kang7_14.jpg,1
kang7_15.jpg,1
kang7_16.jpg,1
kang7_17.jpg,1
kang7_18.jpg,0
kang7_19.jpg,1
kang7_2.jpg,1
kang7_20.jpg,0
kang7_21.jpg,0
kang7_22.jpg,1
kang7_23.jpg,1
kang7_24.jpg,1
kang7_25.jpg,1
kang7_26.jpg,1
kang7_27.jpg,1
kang7_28.jpg,1
kang7_29.jpg,1
kang7_3.jpg,1
kang7_30.jpg,1
kang7_31.jpg,0
kang7_32.jpg,1
kang7_33.jpg,0
kang7_4.jpg,1
kang7_5.jpg,1
kang7_6.jpg,1
kang7_7.jpg,1
kang7_8.jpg,1
kang7_9.jpg,1
kang8_0.jpg,0
kang8_1.jpg,1
kang8_10.jpg,0
kang8_11.jpg,1
kang8_12.jpg,1
kang8_13.jpg,1
kang8_14.jpg,1
kang8_15.jpg,1
kang8_16.jpg,0
kang8_2.jpg,1
kang8_3.jpg,1
kang8_4.jpg,1
kang8_5.jpg,1
kang8_6.jpg,1
kang8_7.jpg,1
kang8_8.jpg,1
kang8_9.jpg,0
kang9_0.jpg,0
kang9_1.jpg,1
kang9_10.jpg,1
kang9_100.jpg,1
kang9_101.jpg,1
kang9_102.jpg,1
kang9_103.jpg,1
kang9_104.jpg,1
kang9_105.jpg,1
kang9_106.jpg,1
kang9_107.jpg,1
kang9_108.jpg,1
kang9_109.jpg,1
kang9_11.jpg,1
kang9_110.jpg,1
kang9_111.jpg,1
kang9_112.jpg,1
kang9_113.jpg,1
kang9_114.jpg,1
kang9_115.jpg,1
kang9_116.jpg,1
kang9_117.jpg,1
kang9_118.jpg,1
kang9_119.jpg,1
kang9_12.jpg,1
kang9_120.jpg,1
kang9_121.jpg,1
kang9_122.jpg,1
kang9_123.jpg,1
kang9_124.jpg,1
kang9_125.jpg,1
kang9_126.jpg,1
kang9_127.jpg,1
kang9_128.jpg,1
kang9_129.jpg,1
kang9_13.jpg,1
kang9_130.jpg,1
kang9_131.jpg,1
kang9_132.jpg,1
kang9_133.jpg,1
kang9_134.jpg,1
kang9_135.jpg,1
kang9_136.jpg,1
kang9_137.jpg,1
kang9_138.jpg,1
kang9_139.jpg,1
kang9_14.jpg,1
kang9_140.jpg,1
kang9_141.jpg,1
kang9_142.jpg,1
kang9_143.jpg,1
kang9_144.jpg,1
kang9_145.jpg,1
kang9_146.jpg,1
kang9_147.jpg,1
kang9_148.jpg,1
kang9_149.jpg,1
kang9_15.jpg,1
kang9_150.jpg,1
kang9_151.jpg,1
kang9_152.jpg,1
kang9_153.jpg,0
kang9_154.jpg,0
kang9_155.jpg,1
kang9_156.jpg,1
kang9_157.jpg,0
kang9_158.jpg,0
kang9_159.jpg,1
kang9_16.jpg,1
kang9_160.jpg,1
kang9_161.jpg,1
kang9_162.jpg,1
kang9_163.jpg,1
kang9_164.jpg,1
kang9_165.jpg,1
kang9_166.jpg,1
kang9_167.jpg,1
kang9_168.jpg,1
kang9_169.jpg,1
kang9_17.jpg,0
kang9_170.jpg,1
kang9_171.jpg,1
kang9_172.jpg,1
kang9_173.jpg,1
kang9_174.jpg,1
kang9_175.jpg,0
kang9_176.jpg,0
kang9_177.jpg,0
kang9_178.jpg,1
kang9_179.jpg,0
kang9_18.jpg,0
kang9_180.jpg,1
kang9_181.jpg,0
kang9_182.jpg,0
kang9_183.jpg,0
kang9_184.jpg,0
kang9_185.jpg,0
kang9_186.jpg,0
kang9_187.jpg,0
kang9_188.jpg,0
kang9_189.jpg,1
kang9_19.jpg,0
kang9_190.jpg,1
kang9_191.jpg,1
kang9_192.jpg,1
kang9_193.jpg,1
kang9_194.jpg,1
kang9_195.jpg,1
kang9_196.jpg,1
kang9_197.jpg,1
kang9_198.jpg,1
kang9_199.jpg,1
kang9_2.jpg,1
kang9_20.jpg,0
kang9_200.jpg,1
kang9_201.jpg,1
kang9_202.jpg,1
kang9_203.jpg,1
kang9_204.jpg,1
kang9_205.jpg,1
kang9_206.jpg,1
kang9_207.jpg,0
kang9_208.jpg,0
kang9_209.jpg,1
kang9_21.jpg,0
kang9_210.jpg,1
kang9_211.jpg,1
kang9_212.jpg,1
kang9_213.jpg,0
kang9_214.jpg,0
kang9_215.jpg,0
kang9_216.jpg,1
kang9_217.jpg,1
kang9_218.jpg,1
kang9_219.jpg,1
kang9_22.jpg,0
kang9_220.jpg,1
kang9_221.jpg,1
kang9_222.jpg,1
kang9_223.jpg,1
kang9_224.jpg,1
kang9_225.jpg,1
kang9_226.jpg,1
kang9_227.jpg,1
kang9_228.jpg,1
kang9_229.jpg,1
kang9_23.jpg,1
kang9_230.jpg,1
kang9_231.jpg,1
kang9_232.jpg,1
kang9_233.jpg,1
kang9_234.jpg,1
kang9_235.jpg,1
kang9_236.jpg,0
kang9_237.jpg,0
kang9_238.jpg,1
kang9_239.jpg,1
kang9_24.jpg,0
kang9_240.jpg,1
kang9_241.jpg,1
kang9_242.jpg,0
kang9_243.jpg,1
kang9_244.jpg,1
kang9_245.jpg,1
kang9_246.jpg,0
kang9_247.jpg,1
kang9_248.jpg,1
kang9_249.jpg,1
kang9_25.jpg,0
kang9_250.jpg,1
kang9_251.jpg,1
kang9_252.jpg,1
kang9_253.jpg,1
kang9_254.jpg,1
kang9_255.jpg,1
kang9_256.jpg,1
kang9_257.jpg,1
kang9_258.jpg,1
kang9_259.jpg,1
kang9_26.jpg,0
kang9_260.jpg,1
kang9_261.jpg,1
kang9_262.jpg,1
kang9_263.jpg,1
kang9_264.jpg,0
kang9_265.jpg,0
kang9_266.jpg,1
kang9_267.jpg,1
kang9_268.jpg,1
kang9_269.jpg,0
kang9_27.jpg,0
kang9_270.jpg,1
kang9_271.jpg,1
kang9_272.jpg,1
kang9_273.jpg,1
kang9_274.jpg,1
kang9_275.jpg,1
kang9_276.jpg,1
kang9_277.jpg,1
kang9_278.jpg,1
kang9_279.jpg,1
kang9_28.jpg,0
kang9_280.jpg,1
kang9_281.jpg,1
kang9_282.jpg,1
kang9_283.jpg,1
kang9_284.jpg,1
kang9_285.jpg,1
kang9_286.jpg,1
kang9_287.jpg,1
kang9_288.jpg,1
kang9_289.jpg,1
kang9_29.jpg,0
kang9_290.jpg,1
kang9_291.jpg,1
kang9_292.jpg,1
kang9_293.jpg,1
kang9_294.jpg,1
kang9_295.jpg,1
kang9_296.jpg,1
kang9_297.jpg,1
kang9_298.jpg,1
kang9_299.jpg,1
kang9_3.jpg,0
kang9_30.jpg,1
kang9_300.jpg,1
kang9_301.jpg,1
kang9_302.jpg,1
kang9_303.jpg,1
kang9_304.jpg,1
kang9_305.jpg,1
kang9_306.jpg,0
kang9_307.jpg,1
kang9_308.jpg,1
kang9_309.jpg,1
kang9_31.jpg,1
kang9_310.jpg,1
kang9_311.jpg,1
kang9_312.jpg,1
kang9_313.jpg,1
kang9_314.jpg,1
kang9_315.jpg,1
kang9_316.jpg,1
kang9_317.jpg,1
kang9_318.jpg,1
kang9_319.jpg,1
kang9_32.jpg,1
kang9_320.jpg,1
kang9_321.jpg,1
kang9_322.jpg,1
extra_video1.mp4_10.jpg,0
extra_video1.mp4_100.jpg,0
extra_video1.mp4_101.jpg,0
extra_video1.mp4_102.jpg,0
extra_video1.mp4_103.jpg,0
extra_video1.mp4_104.jpg,0
extra_video1.mp4_105.jpg,0
extra_video1.mp4_106.jpg,0
extra_video1.mp4_107.jpg,0
extra_video1.mp4_108.jpg,0
extra_video1.mp4_109.jpg,0
extra_video1.mp4_11.jpg,0
extra_video1.mp4_110.jpg,0
extra_video1.mp4_111.jpg,0
extra_video1.mp4_112.jpg,0
extra_video1.mp4_113.jpg,0
extra_video1.mp4_114.jpg,0
extra_video1.mp4_115.jpg,0
extra_video1.mp4_116.jpg,0
extra_video1.mp4_117.jpg,0
extra_video1.mp4_118.jpg,0
extra_video1.mp4_119.jpg,0
extra_video1.mp4_12.jpg,0
extra_video1.mp4_120.jpg,0
extra_video1.mp4_121.jpg,0
extra_video1.mp4_122.jpg,0
extra_video1.mp4_123.jpg,0
extra_video1.mp4_124.jpg,0
extra_video1.mp4_125.jpg,0
extra_video1.mp4_126.jpg,0
extra_video1.mp4_127.jpg,0
extra_video1.mp4_128.jpg,0
extra_video1.mp4_129.jpg,0
extra_video1.mp4_13.jpg,0
extra_video1.mp4_130.jpg,0
extra_video1.mp4_131.jpg,0
extra_video1.mp4_132.jpg,0
extra_video1.mp4_133.jpg,0
extra_video1.mp4_134.jpg,0
extra_video1.mp4_135.jpg,0
extra_video1.mp4_136.jpg,0
extra_video1.mp4_137.jpg,0
extra_video1.mp4_138.jpg,0
extra_video1.mp4_139.jpg,0
extra_video1.mp4_14.jpg,0
extra_video1.mp4_140.jpg,0
extra_video1.mp4_141.jpg,0
extra_video1.mp4_142.jpg,0
extra_video1.mp4_143.jpg,0
extra_video1.mp4_144.jpg,0
extra_video1.mp4_145.jpg,0
extra_video1.mp4_146.jpg,0
extra_video1.mp4_147.jpg,0
extra_video1.mp4_148.jpg,0
extra_video1.mp4_149.jpg,0
extra_video1.mp4_15.jpg,0
extra_video1.mp4_150.jpg,0
extra_video1.mp4_151.jpg,0
extra_video1.mp4_152.jpg,0
extra_video1.mp4_153.jpg,0
extra_video1.mp4_154.jpg,0
extra_video1.mp4_155.jpg,0
extra_video1.mp4_156.jpg,0
extra_video1.mp4_157.jpg,0
extra_video1.mp4_158.jpg,0
extra_video1.mp4_159.jpg,0
extra_video1.mp4_16.jpg,0
extra_video1.mp4_160.jpg,0
extra_video1.mp4_161.jpg,0
extra_video1.mp4_162.jpg,0
extra_video1.mp4_163.jpg,0
extra_video1.mp4_164.jpg,0
extra_video1.mp4_165.jpg,0
extra_video1.mp4_166.jpg,0
extra_video1.mp4_167.jpg,0
extra_video1.mp4_168.jpg,0
extra_video1.mp4_169.jpg,0
extra_video1.mp4_17.jpg,0
extra_video1.mp4_170.jpg,0
extra_video1.mp4_171.jpg,0
extra_video1.mp4_172.jpg,0
extra_video1.mp4_173.jpg,0
extra_video1.mp4_174.jpg,0
extra_video1.mp4_175.jpg,0
extra_video1.mp4_176.jpg,0
extra_video1.mp4_177.jpg,0
extra_video1.mp4_178.jpg,0
extra_video1.mp4_179.jpg,0
extra_video1.mp4_18.jpg,0
extra_video1.mp4_180.jpg,0
extra_video1.mp4_181.jpg,0
extra_video1.mp4_182.jpg,0
extra_video1.mp4_183.jpg,0
extra_video1.mp4_184.jpg,0
extra_video1.mp4_185.jpg,0
extra_video1.mp4_186.jpg,0
extra_video1.mp4_187.jpg,0
extra_video1.mp4_189.jpg,0
extra_video1.mp4_19.jpg,0
extra_video1.mp4_190.jpg,0
extra_video1.mp4_191.jpg,0
extra_video1.mp4_192.jpg,0
extra_video1.mp4_193.jpg,0
extra_video1.mp4_194.jpg,0
extra_video1.mp4_195.jpg,0
extra_video1.mp4_196.jpg,0
extra_video1.mp4_197.jpg,0
extra_video1.mp4_198.jpg,0
extra_video1.mp4_199.jpg,0
extra_video1.mp4_20.jpg,0
extra_video1.mp4_200.jpg,0
extra_video1.mp4_201.jpg,0
extra_video1.mp4_202.jpg,0
extra_video1.mp4_203.jpg,0
extra_video1.mp4_204.jpg,0
extra_video1.mp4_205.jpg,0
extra_video1.mp4_21.jpg,0
extra_video1.mp4_22.jpg,0
extra_video1.mp4_23.jpg,0
extra_video1.mp4_24.jpg,0
extra_video1.mp4_25.jpg,0
extra_video1.mp4_26.jpg,0
extra_video1.mp4_27.jpg,0
extra_video1.mp4_28.jpg,0
extra_video1.mp4_29.jpg,0
extra_video1.mp4_30.jpg,0
extra_video1.mp4_31.jpg,0
extra_video1.mp4_32.jpg,0
extra_video1.mp4_33.jpg,0
extra_video1.mp4_34.jpg,0
extra_video1.mp4_35.jpg,0
extra_video1.mp4_36.jpg,0
extra_video1.mp4_37.jpg,0
extra_video1.mp4_38.jpg,0
extra_video1.mp4_39.jpg,0
extra_video1.mp4_40.jpg,0
extra_video1.mp4_41.jpg,0
extra_video1.mp4_42.jpg,0
extra_video1.mp4_43.jpg,0
extra_video1.mp4_44.jpg,0
extra_video1.mp4_45.jpg,0
extra_video1.mp4_46.jpg,0
extra_video1.mp4_47.jpg,0
extra_video1.mp4_48.jpg,0
extra_video1.mp4_49.jpg,0
extra_video1.mp4_50.jpg,0
extra_video1.mp4_51.jpg,0
extra_video1.mp4_52.jpg,0
extra_video1.mp4_53.jpg,0
extra_video1.mp4_54.jpg,0
extra_video1.mp4_55.jpg,0
extra_video1.mp4_56.jpg,0
extra_video1.mp4_57.jpg,0
extra_video1.mp4_58.jpg,0
extra_video1.mp4_59.jpg,0
extra_video1.mp4_60.jpg,0
extra_video1.mp4_61.jpg,0
extra_video1.mp4_62.jpg,0
extra_video1.mp4_63.jpg,0
extra_video1.mp4_64.jpg,0
extra_video1.mp4_65.jpg,0
extra_video1.mp4_66.jpg,0
extra_video1.mp4_67.jpg,0
extra_video1.mp4_68.jpg,0
extra_video1.mp4_69.jpg,0
extra_video1.mp4_7.jpg,0
extra_video1.mp4_70.jpg,0
extra_video1.mp4_71.jpg,0
extra_video1.mp4_72.jpg,0
extra_video1.mp4_73.jpg,0
extra_video1.mp4_74.jpg,0
extra_video1.mp4_75.jpg,0
extra_video1.mp4_76.jpg,0
extra_video1.mp4_77.jpg,0
extra_video1.mp4_78.jpg,0
extra_video1.mp4_79.jpg,0
extra_video2.mp4_0.jpg,0
extra_video2.mp4_1.jpg,0
extra_video2.mp4_10.jpg,0
extra_video2.mp4_100.jpg,0
extra_video2.mp4_101.jpg,0
extra_video2.mp4_102.jpg,0
extra_video2.mp4_103.jpg,0
extra_video2.mp4_104.jpg,0
extra_video2.mp4_105.jpg,0
extra_video2.mp4_106.jpg,0
extra_video2.mp4_107.jpg,0
extra_video2.mp4_108.jpg,0
extra_video2.mp4_109.jpg,0
extra_video2.mp4_11.jpg,0
extra_video2.mp4_110.jpg,0
extra_video2.mp4_111.jpg,0
extra_video2.mp4_112.jpg,0
extra_video2.mp4_113.jpg,0
extra_video2.mp4_114.jpg,0
extra_video2.mp4_115.jpg,0
extra_video2.mp4_116.jpg,0
extra_video2.mp4_117.jpg,0
extra_video2.mp4_118.jpg,0
extra_video2.mp4_119.jpg,0
extra_video2.mp4_12.jpg,0
extra_video2.mp4_120.jpg,0
extra_video2.mp4_121.jpg,0
extra_video2.mp4_122.jpg,0
extra_video2.mp4_123.jpg,0
extra_video2.mp4_124.jpg,0
extra_video2.mp4_125.jpg,0
extra_video2.mp4_126.jpg,0
extra_video2.mp4_127.jpg,0
extra_video2.mp4_128.jpg,0
extra_video2.mp4_129.jpg,0
extra_video2.mp4_13.jpg,0
extra_video2.mp4_130.jpg,0
extra_video2.mp4_131.jpg,0
extra_video2.mp4_132.jpg,0
extra_video2.mp4_133.jpg,0
extra_video2.mp4_134.jpg,0
extra_video2.mp4_135.jpg,0
extra_video2.mp4_136.jpg,0
extra_video2.mp4_137.jpg,0
extra_video2.mp4_138.jpg,0
extra_video2.mp4_139.jpg,0
extra_video2.mp4_14.jpg,0
extra_video2.mp4_140.jpg,0
extra_video2.mp4_141.jpg,0
extra_video2.mp4_142.jpg,0
extra_video2.mp4_143.jpg,0
extra_video2.mp4_144.jpg,0
extra_video2.mp4_145.jpg,0
extra_video2.mp4_146.jpg,0
extra_video2.mp4_147.jpg,0
extra_video2.mp4_148.jpg,0
extra_video2.mp4_149.jpg,0
extra_video2.mp4_15.jpg,0
extra_video2.mp4_150.jpg,0
extra_video2.mp4_151.jpg,0
extra_video2.mp4_152.jpg,0
extra_video2.mp4_153.jpg,0
extra_video2.mp4_154.jpg,0
extra_video2.mp4_155.jpg,0
extra_video2.mp4_156.jpg,0
extra_video2.mp4_157.jpg,0
extra_video2.mp4_158.jpg,0
extra_video2.mp4_159.jpg,0
extra_video2.mp4_16.jpg,0
extra_video2.mp4_160.jpg,0
extra_video2.mp4_161.jpg,0
extra_video2.mp4_162.jpg,0
extra_video2.mp4_163.jpg,0
extra_video2.mp4_164.jpg,0
extra_video2.mp4_165.jpg,0
extra_video2.mp4_166.jpg,0
extra_video2.mp4_167.jpg,0
extra_video2.mp4_168.jpg,0
extra_video2.mp4_169.jpg,0
extra_video2.mp4_17.jpg,0
extra_video2.mp4_170.jpg,0
extra_video2.mp4_171.jpg,0
extra_video2.mp4_172.jpg,0
extra_video2.mp4_173.jpg,0
extra_video2.mp4_174.jpg,0
extra_video2.mp4_175.jpg,0
extra_video2.mp4_176.jpg,0
extra_video2.mp4_177.jpg,0
extra_video2.mp4_178.jpg,0
extra_video2.mp4_179.jpg,0
extra_video2.mp4_18.jpg,0
extra_video2.mp4_180.jpg,0
extra_video2.mp4_181.jpg,0
extra_video2.mp4_182.jpg,0
extra_video2.mp4_19.jpg,0
extra_video2.mp4_2.jpg,0
extra_video2.mp4_20.jpg,0
extra_video2.mp4_21.jpg,0
extra_video2.mp4_22.jpg,0
extra_video2.mp4_23.jpg,0
extra_video2.mp4_24.jpg,0
extra_video2.mp4_25.jpg,0
extra_video2.mp4_26.jpg,0
extra_video2.mp4_27.jpg,0
extra_video2.mp4_28.jpg,0
extra_video2.mp4_29.jpg,0
extra_video2.mp4_3.jpg,0
extra_video2.mp4_30.jpg,0
extra_video2.mp4_31.jpg,0
extra_video2.mp4_32.jpg,0
extra_video2.mp4_33.jpg,0
extra_video2.mp4_34.jpg,0
extra_video2.mp4_35.jpg,0
extra_video2.mp4_36.jpg,0
extra_video2.mp4_37.jpg,0
extra_video2.mp4_38.jpg,0
extra_video2.mp4_39.jpg,0
extra_video2.mp4_4.jpg,0
extra_video2.mp4_40.jpg,0
extra_video2.mp4_41.jpg,0
extra_video2.mp4_42.jpg,0
extra_video2.mp4_43.jpg,0
extra_video2.mp4_44.jpg,0
extra_video2.mp4_45.jpg,0
extra_video2.mp4_46.jpg,0
extra_video2.mp4_47.jpg,0
extra_video2.mp4_48.jpg,0
extra_video2.mp4_49.jpg,0
extra_video2.mp4_5.jpg,0
extra_video2.mp4_50.jpg,0
extra_video2.mp4_51.jpg,0
extra_video2.mp4_52.jpg,0
extra_video2.mp4_53.jpg,0
extra_video2.mp4_54.jpg,0
extra_video2.mp4_55.jpg,0
extra_video2.mp4_56.jpg,0
extra_video2.mp4_57.jpg,0
extra_video2.mp4_58.jpg,0
extra_video2.mp4_59.jpg,0
extra_video2.mp4_6.jpg,0
extra_video2.mp4_60.jpg,0
extra_video2.mp4_61.jpg,0
extra_video2.mp4_62.jpg,0
extra_video2.mp4_63.jpg,0
extra_video2.mp4_64.jpg,0
extra_video2.mp4_65.jpg,0
extra_video2.mp4_66.jpg,0
extra_video2.mp4_67.jpg,0
extra_video2.mp4_68.jpg,0
extra_video2.mp4_69.jpg,0
extra_video2.mp4_7.jpg,0
extra_video2.mp4_70.jpg,0
extra_video2.mp4_71.jpg,0
extra_video2.mp4_72.jpg,0
extra_video2.mp4_73.jpg,0
extra_video2.mp4_74.jpg,0
extra_video2.mp4_75.jpg,0
extra_video2.mp4_76.jpg,0
extra_video2.mp4_77.jpg,0
extra_video2.mp4_78.jpg,0
extra_video2.mp4_79.jpg,0
extra_video2.mp4_8.jpg,0
extra_video2.mp4_80.jpg,0
extra_video2.mp4_81.jpg,0
extra_video2.mp4_82.jpg,0
extra_video2.mp4_83.jpg,0
extra_video2.mp4_84.jpg,0
extra_video2.mp4_85.jpg,0
extra_video2.mp4_86.jpg,0
extra_video2.mp4_87.jpg,0
extra_video2.mp4_88.jpg,0
extra_video2.mp4_89.jpg,0
extra_video2.mp4_9.jpg,0
extra_video2.mp4_90.jpg,0
extra_video2.mp4_91.jpg,0
extra_video2.mp4_92.jpg,0
extra_video2.mp4_93.jpg,0
extra_video2.mp4_94.jpg,0
extra_video2.mp4_95.jpg,0
extra_video2.mp4_96.jpg,0
extra_video2.mp4_97.jpg,0
extra_video2.mp4_98.jpg,0
extra_video2.mp4_99.jpg,0
extra_video3.mp4_0.jpg,0
extra_video3.mp4_1.jpg,0
extra_video3.mp4_10.jpg,0
extra_video3.mp4_100.jpg,0
extra_video3.mp4_101.jpg,0
extra_video3.mp4_102.jpg,0
extra_video3.mp4_103.jpg,0
extra_video3.mp4_104.jpg,0
extra_video3.mp4_105.jpg,0
extra_video3.mp4_106.jpg,0
extra_video3.mp4_107.jpg,0
extra_video3.mp4_108.jpg,0
extra_video3.mp4_109.jpg,0
extra_video3.mp4_11.jpg,0
extra_video3.mp4_110.jpg,0
extra_video3.mp4_111.jpg,0
extra_video3.mp4_112.jpg,0
extra_video3.mp4_113.jpg,0
extra_video3.mp4_114.jpg,0
extra_video3.mp4_115.jpg,0
extra_video3.mp4_116.jpg,0
extra_video3.mp4_117.jpg,0
extra_video3.mp4_118.jpg,0
extra_video3.mp4_119.jpg,0
extra_video3.mp4_12.jpg,0
extra_video3.mp4_120.jpg,0
extra_video3.mp4_121.jpg,0
extra_video3.mp4_122.jpg,0
extra_video3.mp4_123.jpg,0
extra_video3.mp4_124.jpg,0
extra_video3.mp4_125.jpg,0
extra_video3.mp4_126.jpg,0
extra_video3.mp4_127.jpg,0
extra_video3.mp4_128.jpg,0
extra_video3.mp4_129.jpg,0
extra_video3.mp4_13.jpg,0
extra_video3.mp4_130.jpg,0
extra_video3.mp4_131.jpg,0
extra_video3.mp4_132.jpg,0
extra_video3.mp4_133.jpg,0
extra_video3.mp4_134.jpg,0
extra_video3.mp4_135.jpg,0
extra_video3.mp4_136.jpg,0
extra_video3.mp4_137.jpg,0
extra_video3.mp4_138.jpg,0
extra_video3.mp4_139.jpg,0
extra_video3.mp4_14.jpg,0
extra_video3.mp4_140.jpg,0
extra_video3.mp4_141.jpg,0
extra_video3.mp4_142.jpg,0
extra_video3.mp4_143.jpg,0
extra_video3.mp4_144.jpg,0
extra_video3.mp4_145.jpg,0
extra_video3.mp4_146.jpg,0
extra_video3.mp4_147.jpg,0
extra_video3.mp4_148.jpg,0
extra_video3.mp4_149.jpg,0
extra_video3.mp4_15.jpg,0
extra_video3.mp4_150.jpg,0
extra_video3.mp4_151.jpg,0
extra_video3.mp4_152.jpg,0
extra_video3.mp4_153.jpg,0
extra_video3.mp4_154.jpg,0
extra_video3.mp4_155.jpg,0
extra_video3.mp4_156.jpg,0
extra_video3.mp4_157.jpg,0
extra_video3.mp4_158.jpg,0
extra_video3.mp4_159.jpg,0
extra_video3.mp4_16.jpg,0
extra_video3.mp4_160.jpg,0
extra_video3.mp4_161.jpg,0
extra_video3.mp4_162.jpg,0
extra_video3.mp4_163.jpg,0
extra_video3.mp4_164.jpg,0
extra_video3.mp4_165.jpg,0
extra_video3.mp4_166.jpg,0
extra_video3.mp4_167.jpg,0
extra_video3.mp4_168.jpg,0
extra_video3.mp4_169.jpg,0
extra_video3.mp4_17.jpg,0
extra_video3.mp4_170.jpg,0
extra_video3.mp4_171.jpg,0
extra_video3.mp4_172.jpg,0
extra_video3.mp4_173.jpg,0
extra_video3.mp4_174.jpg,0
extra_video3.mp4_175.jpg,0
extra_video3.mp4_176.jpg,0
extra_video3.mp4_177.jpg,0
extra_video3.mp4_178.jpg,0
extra_video3.mp4_179.jpg,0
extra_video3.mp4_18.jpg,0
extra_video3.mp4_180.jpg,0
extra_video3.mp4_181.jpg,0
extra_video3.mp4_19.jpg,0
extra_video3.mp4_2.jpg,0
extra_video3.mp4_20.jpg,0
extra_video3.mp4_21.jpg,0
extra_video3.mp4_22.jpg,0
extra_video3.mp4_23.jpg,0
extra_video3.mp4_24.jpg,0
extra_video3.mp4_25.jpg,0
extra_video3.mp4_26.jpg,0
extra_video3.mp4_27.jpg,0
extra_video3.mp4_28.jpg,0
extra_video3.mp4_29.jpg,0
extra_video3.mp4_3.jpg,0
extra_video3.mp4_30.jpg,0
extra_video3.mp4_31.jpg,0
extra_video3.mp4_32.jpg,0
extra_video3.mp4_33.jpg,0
extra_video3.mp4_34.jpg,0
extra_video3.mp4_35.jpg,0
extra_video3.mp4_36.jpg,0
extra_video3.mp4_37.jpg,0
extra_video3.mp4_38.jpg,0
extra_video3.mp4_39.jpg,0
extra_video3.mp4_4.jpg,0
extra_video3.mp4_40.jpg,0
extra_video3.mp4_41.jpg,0
extra_video3.mp4_42.jpg,0
extra_video3.mp4_43.jpg,0
extra_video3.mp4_44.jpg,0
extra_video3.mp4_45.jpg,0
extra_video3.mp4_46.jpg,0
extra_video3.mp4_47.jpg,0
extra_video3.mp4_48.jpg,0
extra_video3.mp4_49.jpg,0
extra_video3.mp4_5.jpg,0
extra_video3.mp4_50.jpg,0
extra_video3.mp4_51.jpg,0
extra_video3.mp4_52.jpg,0
extra_video3.mp4_53.jpg,0
extra_video3.mp4_54.jpg,0
extra_video3.mp4_55.jpg,0
extra_video3.mp4_56.jpg,0
extra_video3.mp4_57.jpg,0
extra_video3.mp4_58.jpg,0
extra_video3.mp4_59.jpg,0
extra_video3.mp4_6.jpg,0
extra_video3.mp4_60.jpg,0
extra_video3.mp4_61.jpg,0
extra_video3.mp4_62.jpg,0
extra_video3.mp4_63.jpg,0
extra_video3.mp4_64.jpg,0
extra_video3.mp4_65.jpg,0
extra_video3.mp4_66.jpg,0
extra_video3.mp4_67.jpg,0
extra_video3.mp4_68.jpg,0
extra_video3.mp4_69.jpg,0
extra_video3.mp4_7.jpg,0
extra_video3.mp4_70.jpg,0
extra_video3.mp4_71.jpg,0
extra_video3.mp4_72.jpg,0
extra_video3.mp4_73.jpg,0
extra_video3.mp4_74.jpg,0
extra_video3.mp4_75.jpg,0
extra_video3.mp4_76.jpg,0
extra_video3.mp4_77.jpg,0
extra_video3.mp4_78.jpg,0
extra_video3.mp4_79.jpg,0
extra_video3.mp4_8.jpg,0
extra_video3.mp4_80.jpg,0
extra_video3.mp4_81.jpg,0
extra_video3.mp4_82.jpg,0
extra_video3.mp4_83.jpg,0
extra_video3.mp4_84.jpg,0
extra_video3.mp4_85.jpg,0
extra_video3.mp4_86.jpg,0
extra_video3.mp4_87.jpg,0
extra_video3.mp4_88.jpg,0
extra_video3.mp4_89.jpg,0
extra_video3.mp4_9.jpg,0
extra_video3.mp4_90.jpg,0
extra_video3.mp4_91.jpg,0
extra_video3.mp4_92.jpg,0
extra_video3.mp4_93.jpg,0
extra_video3.mp4_94.jpg,0
extra_video3.mp4_95.jpg,0
extra_video3.mp4_96.jpg,0
extra_video3.mp4_97.jpg,0
extra_video3.mp4_98.jpg,0
extra_video3.mp4_99.jpg,0
extra_video4.mp4_0.jpg,0
extra_video4.mp4_1.jpg,0
extra_video4.mp4_10.jpg,0
extra_video4.mp4_100.jpg,0
extra_video4.mp4_101.jpg,0
extra_video4.mp4_102.jpg,0
extra_video4.mp4_103.jpg,0
extra_video4.mp4_104.jpg,0
extra_video4.mp4_105.jpg,0
extra_video4.mp4_106.jpg,0
extra_video4.mp4_107.jpg,0
extra_video4.mp4_108.jpg,0
extra_video4.mp4_109.jpg,0
extra_video4.mp4_11.jpg,0
extra_video4.mp4_110.jpg,0
extra_video4.mp4_111.jpg,0
extra_video4.mp4_112.jpg,0
extra_video4.mp4_113.jpg,0
extra_video4.mp4_114.jpg,0
extra_video4.mp4_115.jpg,0
extra_video4.mp4_116.jpg,0
extra_video4.mp4_117.jpg,0
extra_video4.mp4_118.jpg,0
extra_video4.mp4_119.jpg,0
extra_video4.mp4_12.jpg,0
extra_video4.mp4_120.jpg,0
extra_video4.mp4_121.jpg,0
extra_video4.mp4_122.jpg,0
extra_video4.mp4_123.jpg,0
extra_video4.mp4_124.jpg,0
extra_video4.mp4_125.jpg,0
extra_video4.mp4_126.jpg,0
extra_video4.mp4_127.jpg,0
extra_video4.mp4_128.jpg,0
extra_video4.mp4_129.jpg,0
extra_video4.mp4_13.jpg,0
extra_video4.mp4_130.jpg,0
extra_video4.mp4_131.jpg,0
extra_video4.mp4_132.jpg,0
extra_video4.mp4_133.jpg,0
extra_video4.mp4_134.jpg,0
extra_video4.mp4_135.jpg,0
extra_video4.mp4_136.jpg,0
extra_video4.mp4_137.jpg,0
extra_video4.mp4_138.jpg,0
extra_video4.mp4_139.jpg,0
extra_video4.mp4_14.jpg,0
extra_video4.mp4_140.jpg,0
extra_video4.mp4_141.jpg,0
extra_video4.mp4_142.jpg,0
extra_video4.mp4_143.jpg,0
extra_video4.mp4_144.jpg,0
extra_video4.mp4_145.jpg,0
extra_video4.mp4_146.jpg,0
extra_video4.mp4_147.jpg,0
extra_video4.mp4_148.jpg,0
extra_video4.mp4_149.jpg,0
extra_video4.mp4_15.jpg,0
extra_video4.mp4_150.jpg,0
extra_video4.mp4_151.jpg,0
extra_video4.mp4_152.jpg,0
extra_video4.mp4_153.jpg,0
extra_video4.mp4_154.jpg,0
extra_video4.mp4_155.jpg,0
extra_video4.mp4_156.jpg,0
extra_video4.mp4_157.jpg,0
extra_video4.mp4_158.jpg,0
extra_video4.mp4_159.jpg,0
extra_video4.mp4_16.jpg,0
extra_video4.mp4_160.jpg,0
extra_video4.mp4_161.jpg,0
extra_video4.mp4_162.jpg,0
extra_video4.mp4_163.jpg,0
extra_video4.mp4_164.jpg,0
extra_video4.mp4_165.jpg,0
extra_video4.mp4_166.jpg,0
extra_video4.mp4_167.jpg,0
extra_video4.mp4_168.jpg,0
extra_video4.mp4_169.jpg,0
extra_video4.mp4_17.jpg,0
extra_video4.mp4_170.jpg,0
extra_video4.mp4_171.jpg,0
extra_video4.mp4_172.jpg,0
extra_video4.mp4_173.jpg,0
extra_video4.mp4_174.jpg,0
extra_video4.mp4_175.jpg,0
extra_video4.mp4_176.jpg,0
extra_video4.mp4_177.jpg,0
extra_video4.mp4_178.jpg,0
extra_video4.mp4_179.jpg,0
extra_video4.mp4_18.jpg,0
extra_video4.mp4_180.jpg,0
extra_video4.mp4_181.jpg,0
extra_video4.mp4_182.jpg,0
extra_video4.mp4_183.jpg,0
extra_video4.mp4_184.jpg,0
extra_video4.mp4_185.jpg,0
extra_video4.mp4_186.jpg,0
extra_video4.mp4_187.jpg,0
extra_video4.mp4_188.jpg,0
extra_video4.mp4_189.jpg,0
extra_video4.mp4_19.jpg,0
extra_video4.mp4_190.jpg,0
extra_video4.mp4_191.jpg,0
extra_video4.mp4_192.jpg,0
extra_video4.mp4_193.jpg,0
extra_video4.mp4_194.jpg,0
extra_video4.mp4_195.jpg,0
extra_video4.mp4_196.jpg,0
extra_video4.mp4_197.jpg,0
extra_video4.mp4_198.jpg,0
extra_video4.mp4_199.jpg,0
extra_video4.mp4_2.jpg,0
extra_video4.mp4_20.jpg,0
extra_video4.mp4_200.jpg,0
extra_video4.mp4_201.jpg,0
extra_video4.mp4_202.jpg,0
extra_video4.mp4_203.jpg,0
extra_video4.mp4_204.jpg,0
extra_video4.mp4_205.jpg,0
extra_video4.mp4_206.jpg,0
extra_video4.mp4_21.jpg,0
extra_video4.mp4_22.jpg,0
extra_video4.mp4_23.jpg,0
extra_video4.mp4_24.jpg,0
extra_video4.mp4_25.jpg,0
extra_video4.mp4_26.jpg,0
extra_video4.mp4_27.jpg,0
extra_video4.mp4_28.jpg,0
extra_video4.mp4_29.jpg,0
extra_video4.mp4_3.jpg,0
extra_video4.mp4_30.jpg,0
extra_video4.mp4_31.jpg,0
extra_video4.mp4_32.jpg,0
extra_video4.mp4_33.jpg,0
extra_video4.mp4_34.jpg,0
extra_video4.mp4_35.jpg,0
extra_video4.mp4_36.jpg,0
extra_video4.mp4_37.jpg,0
extra_video4.mp4_38.jpg,0
extra_video4.mp4_39.jpg,0
extra_video4.mp4_4.jpg,0
extra_video4.mp4_40.jpg,0
extra_video4.mp4_41.jpg,0
extra_video4.mp4_42.jpg,0
extra_video4.mp4_43.jpg,0
extra_video4.mp4_44.jpg,0
extra_video4.mp4_45.jpg,0
extra_video4.mp4_46.jpg,0
extra_video4.mp4_47.jpg,0
extra_video4.mp4_48.jpg,0
extra_video4.mp4_49.jpg,0
extra_video4.mp4_5.jpg,0
extra_video4.mp4_50.jpg,0
extra_video4.mp4_51.jpg,0
extra_video4.mp4_52.jpg,0
extra_video4.mp4_53.jpg,0
extra_video4.mp4_54.jpg,0
extra_video4.mp4_55.jpg,0
extra_video4.mp4_56.jpg,0
extra_video4.mp4_57.jpg,0
extra_video4.mp4_58.jpg,0
extra_video4.mp4_59.jpg,0
extra_video4.mp4_6.jpg,0
extra_video4.mp4_60.jpg,0
extra_video4.mp4_61.jpg,0
extra_video4.mp4_62.jpg,0
extra_video4.mp4_63.jpg,0
extra_video4.mp4_64.jpg,0
extra_video4.mp4_65.jpg,0
extra_video4.mp4_66.jpg,0
extra_video4.mp4_67.jpg,0
extra_video4.mp4_68.jpg,0
extra_video4.mp4_69.jpg,0
extra_video4.mp4_7.jpg,0
extra_video4.mp4_70.jpg,0
extra_video4.mp4_71.jpg,0
extra_video4.mp4_72.jpg,0
extra_video4.mp4_73.jpg,0
extra_video4.mp4_74.jpg,0
extra_video4.mp4_75.jpg,0
extra_video4.mp4_76.jpg,0
extra_video4.mp4_77.jpg,0
extra_video4.mp4_78.jpg,0
extra_video4.mp4_79.jpg,0
extra_video4.mp4_8.jpg,0
extra_video4.mp4_80.jpg,0
extra_video4.mp4_81.jpg,0
extra_video4.mp4_82.jpg,0
extra_video4.mp4_83.jpg,0
extra_video4.mp4_84.jpg,0
extra_video4.mp4_85.jpg,0
extra_video4.mp4_86.jpg,0
extra_video4.mp4_87.jpg,0
extra_video4.mp4_88.jpg,0
extra_video4.mp4_89.jpg,0
extra_video4.mp4_9.jpg,0
extra_video4.mp4_90.jpg,0
extra_video4.mp4_91.jpg,0
extra_video4.mp4_92.jpg,0
extra_video4.mp4_93.jpg,0
extra_video4.mp4_94.jpg,0
extra_video4.mp4_95.jpg,0
extra_video4.mp4_96.jpg,0
extra_video4.mp4_97.jpg,0
extra_video4.mp4_98.jpg,0
extra_video4.mp4_99.jpg,0
